SET SERVEROUTPUT ON;
-- Nome dos Integrantes: 
-- Claudio Silva Bispo RM553472
-- Patricia Naomi Yamagishi RM552981

-- Deletar tabelas caso já existam

DROP TABLE Notificacao CASCADE CONSTRAINTS;
DROP TABLE Agenda CASCADE CONSTRAINTS;
DROP TABLE Formulario_Detalhado CASCADE CONSTRAINTS;
DROP TABLE Feedback CASCADE CONSTRAINTS;
DROP TABLE Sinistro CASCADE CONSTRAINTS;
DROP TABLE Consulta CASCADE CONSTRAINTS;
DROP TABLE Dentista CASCADE CONSTRAINTS;
DROP TABLE Especialidade CASCADE CONSTRAINTS;
DROP TABLE Clinica CASCADE CONSTRAINTS;
DROP TABLE Cliente CASCADE CONSTRAINTS;
DROP TABLE Estado_Civil CASCADE CONSTRAINTS;
DROP TABLE Tipo_Notificacao CASCADE CONSTRAINTS;

-- Criação das Tabelas

-- Tabela Cliente 
CREATE TABLE CLIENTE (
    ID_CLIENTE VARCHAR2(36) PRIMARY KEY,
    NOME VARCHAR2(100) NOT NULL,
    SOBRENOME VARCHAR2(100) NOT NULL,
    EMAIL VARCHAR2(100) NOT NULL UNIQUE,
    TELEFONE VARCHAR2(15) NOT NULL,
    DATA_NASC DATE NOT NULL,
    ENDERECO VARCHAR2(255) NOT NULL
);

-- Tabela Clínica 
CREATE TABLE CLINICA (
    ID_CLINICA VARCHAR2(36) PRIMARY KEY,
    NOME VARCHAR2(100) NOT NULL,
    ENDERECO VARCHAR2(250) NOT NULL,
    TELEFONE VARCHAR2(15) NOT NULL,
    AVALIACAO NUMBER(3,2) NOT NULL,
    PRECO_MEDIO NUMBER(10,2) NOT NULL
);

-- Tabela Especialidade
CREATE TABLE ESPECIALIDADE (
    ID_ESPECIALIDADE VARCHAR2(36) PRIMARY KEY,
    NOME VARCHAR2(100) NOT NULL
);

-- Tabela Dentista
CREATE TABLE DENTISTA (
    ID_DENTISTA VARCHAR2(36) PRIMARY KEY,
    NOME VARCHAR2(100) NOT NULL,
    SOBRENOME VARCHAR2(100) NOT NULL,
    TELEFONE VARCHAR2(15) NOT NULL,
    ID_CLINICA VARCHAR2(36) NOT NULL,
    ID_ESPECIALIDADE VARCHAR2(36) NOT NULL,
    AVALIACAO NUMBER(3,2) NOT NULL,
    CONSTRAINT FK_DENTISTA_CLINICA FOREIGN KEY (ID_CLINICA) REFERENCES CLINICA(ID_CLINICA),
    CONSTRAINT FK_DENTISTA_ESPECIALIDADE FOREIGN KEY (ID_ESPECIALIDADE) REFERENCES ESPECIALIDADE(ID_ESPECIALIDADE)
);

-- Tabela Consulta 
CREATE TABLE CONSULTA (
    ID_CONSULTA VARCHAR2(36) PRIMARY KEY,
    ID_CLIENTE VARCHAR2(36) NOT NULL,
    ID_CLINICA VARCHAR2(36) NOT NULL,
    ID_DENTISTA VARCHAR2(36) NOT NULL,
    TIPO_SERVICO VARCHAR2(100) NOT NULL,
    DATA_CONSULTA DATE NOT NULL,
    STATUS_CONSULTA CHAR(1),
    OBSERVACOES VARCHAR2(250),
    SINTOMAS VARCHAR2(250),
    TRATAMENTO_RECOMENDADO VARCHAR2(250),
    CUSTO NUMBER(10,2),
    PRESCRICAO VARCHAR2(250),
    DATA_RETORNO DATE,
    CONSTRAINT FK_CONSULTA_CLIENTE FOREIGN KEY (ID_CLIENTE) REFERENCES CLIENTE(ID_CLIENTE),
    CONSTRAINT FK_CONSULTA_CLINICA FOREIGN KEY (ID_CLINICA) REFERENCES CLINICA(ID_CLINICA),
    CONSTRAINT FK_CONSULTA_DENTISTA FOREIGN KEY (ID_DENTISTA) REFERENCES DENTISTA(ID_DENTISTA)
);
 
-- Tabela Sinistro
CREATE TABLE SINISTRO (
    ID_SINISTRO VARCHAR2(36) PRIMARY KEY,
    ID_CONSULTA VARCHAR2(36) NOT NULL,
    NOME VARCHAR2(100) NOT NULL,
    DESCRICAO CLOB,
    STATUS_SINISTRO CHAR(1),
    DESCRICAO_STATUS VARCHAR2(250),
    VALOR_SINISTRO NUMBER(10,2),
    DATA_ABERTURA DATE,
    DATA_RESOLUCAO DATE,
    DOCUMENTACAO VARCHAR2(250),
    CONSTRAINT FK_SINISTRO_CONSULTA FOREIGN KEY (ID_CONSULTA) REFERENCES CONSULTA(ID_CONSULTA)
);

-- Tabela Feedback
CREATE TABLE FEEDBACK (
    ID_FEEDBACK VARCHAR2(36) PRIMARY KEY,
    ID_CLIENTE VARCHAR2(36) NOT NULL,
    ID_DENTISTA VARCHAR2(36) NOT NULL,
    ID_CLINICA VARCHAR2(36) NOT NULL,
    AVALIACAO NUMBER(3,2) NOT NULL,
    COMENTARIO VARCHAR2(250),
    CONSTRAINT FK_FEEDBACK_CLIENTE FOREIGN KEY (ID_CLIENTE) REFERENCES CLIENTE(ID_CLIENTE),
    CONSTRAINT FK_FEEDBACK_DENTISTA FOREIGN KEY (ID_DENTISTA) REFERENCES DENTISTA(ID_DENTISTA),
    CONSTRAINT FK_FEEDBACK_CLINICA FOREIGN KEY (ID_CLINICA) REFERENCES CLINICA(ID_CLINICA)
);
  
-- Tabela Estado Civil
CREATE TABLE ESTADO_CIVIL (
    ID_ESTADO_CIVIL VARCHAR2(36) PRIMARY KEY,
    DESCRICAO VARCHAR2(50) NOT NULL
);

-- Tabela Formulário Detalhado
CREATE TABLE FORMULARIO_DETALHADO (
    ID_FORMULARIO VARCHAR2(36) PRIMARY KEY,
    ID_CLIENTE VARCHAR2(36) NOT NULL,
    ID_ESTADO_CIVIL VARCHAR2(36) NOT NULL,
    HISTORICO_FAMILIAR VARCHAR2(250),
    PROFISSAO VARCHAR2(100),
    RENDA_MENSAL NUMBER(10,2),
    HISTORICO_MEDICO VARCHAR2(250),
    ALERGIA VARCHAR2(250),
    CONDICAO_PREEXISTENTE VARCHAR2(250),
    USO_MEDICAMENTO VARCHAR2(250),
    FAMILIAR_COM_DOENCAS_DENTARIAS VARCHAR2(255),
    PARTICIPACAO_EM_PROGRAMAS_PREVENTIVOS CHAR(1),
    CONTATO_EMERGENCIAL VARCHAR2(250),
    PESQUISA_SATISFACAO CHAR(1),
    DATA_ULTIMA_ATUALIZACAO DATE,
    FREQUENCIA_CONSULTA_PERIODICA CHAR(1),
    SINALIZACAO_DE_RISCO VARCHAR2(250),
    HISTORICO_DE_VIAGEM VARCHAR2(250),
    HISTORICO_DE_MUDANCAS_DE_ENDERECO VARCHAR2(250),
    PREFERENCIA_DE_CONTATO VARCHAR2(50),
    CONSTRAINT FK_FORMULARIO_CLIENTE FOREIGN KEY (ID_CLIENTE) REFERENCES CLIENTE(ID_CLIENTE),
    CONSTRAINT FK_FORMULARIO_ESTADO_CIVIL FOREIGN KEY (ID_ESTADO_CIVIL) REFERENCES ESTADO_CIVIL(ID_ESTADO_CIVIL)
);

-- Tabela Tipo Notificação
CREATE TABLE TIPO_NOTIFICACAO (
    ID_TIPO_NOTIFICACAO VARCHAR2(36) PRIMARY KEY,
    DESCRICAO VARCHAR2(40) NOT NULL
);

-- Tabela Agenda
CREATE TABLE AGENDA (
    ID_AGENDA VARCHAR2(36) PRIMARY KEY,
    ID_CLIENTE VARCHAR2(36) NOT NULL,
    ID_CONSULTA VARCHAR2(36) NOT NULL,
    DATA_CONSULTA TIMESTAMP NOT NULL,
    STATUS_CONSULTA CHAR(1),
    OBSERVACOES VARCHAR2(250),
    CONSTRAINT FK_AGENDA_CLIENTE FOREIGN KEY (ID_CLIENTE) REFERENCES CLIENTE(ID_CLIENTE),
    CONSTRAINT FK_AGENDA_CONSULTA FOREIGN KEY (ID_CONSULTA) REFERENCES CONSULTA(ID_CONSULTA)
);

-- Tabela Notificações
CREATE TABLE NOTIFICACAO (
    ID_NOTIFICACAO VARCHAR2(36) PRIMARY KEY,
    ID_CLIENTE VARCHAR2(36) NOT NULL,
    ID_TIPO_NOTIFICACAO VARCHAR2(36) NOT NULL,
    MENSAGEM VARCHAR2(250),
    DATA_ENVIO DATE,
    CONSTRAINT FK_NOTIFICACAO_CLIENTE FOREIGN KEY (ID_CLIENTE) REFERENCES CLIENTE(ID_CLIENTE),
    CONSTRAINT FK_NOTIFICACAO_TIPO FOREIGN KEY (ID_TIPO_NOTIFICACAO) REFERENCES TIPO_NOTIFICACAO(ID_TIPO_NOTIFICACAO)
);


-- Inserção dados Cliente
INSERT INTO CLIENTE (ID_CLIENTE, NOME, SOBRENOME, EMAIL, TELEFONE, DATA_NASC, ENDERECO)
VALUES ('550e8400-e29b-41d4-a716-446655440000', 'João', 'Silva', 'joao.silva@email.com', '11987654321', TO_DATE('1990-05-15', 'YYYY-MM-DD'), 'Rua das Flores, 123, São Paulo');

INSERT INTO CLIENTE (ID_CLIENTE, NOME, SOBRENOME, EMAIL, TELEFONE, DATA_NASC, ENDERECO)
VALUES ('550e8400-e29b-41d4-a716-446655440001', 'Maria', 'Oliveira', 'maria.oliveira@email.com', '21987654322', TO_DATE('1985-08-22', 'YYYY-MM-DD'), 'Avenida Brasil, 456, Rio de Janeiro');

INSERT INTO CLIENTE (ID_CLIENTE, NOME, SOBRENOME, EMAIL, TELEFONE, DATA_NASC, ENDERECO)
VALUES ('550e8400-e29b-41d4-a716-446655440002', 'Carlos', 'Ferreira', 'carlos.ferreira@email.com', '31987654323', TO_DATE('1995-12-10', 'YYYY-MM-DD'), 'Rua XV de Novembro, 789, Belo Horizonte');

INSERT INTO CLIENTE (ID_CLIENTE, NOME, SOBRENOME, EMAIL, TELEFONE, DATA_NASC, ENDERECO)
VALUES ('550e8400-e29b-41d4-a716-446655440003', 'Ana', 'Santos', 'ana.santos@email.com', '41987654324', TO_DATE('2000-07-05', 'YYYY-MM-DD'), 'Avenida Paulista, 101, São Paulo');

INSERT INTO CLIENTE (ID_CLIENTE, NOME, SOBRENOME, EMAIL, TELEFONE, DATA_NASC, ENDERECO)
VALUES ('550e8400-e29b-41d4-a716-446655440004', 'Pedro', 'Lima', 'pedro.lima@email.com', '51987654325', TO_DATE('1992-03-18', 'YYYY-MM-DD'), 'Rua das Palmeiras, 202, Curitiba');

-- Inserindo 5 registros na tabela CLINICA
INSERT INTO CLINICA (ID_CLINICA, NOME, ENDERECO, TELEFONE, AVALIACAO, PRECO_MEDIO)
VALUES ('660e8400-e29b-41d4-a716-556655440000', 'Clínica Saúde Vida', 'Rua das Palmeiras, 150, São Paulo', '11988887777', 4.5, 250.00);

INSERT INTO CLINICA (ID_CLINICA, NOME, ENDERECO, TELEFONE, AVALIACAO, PRECO_MEDIO)
VALUES ('660e8400-e29b-41d4-a716-556655440001', 'Clínica Sorriso Feliz', 'Avenida Brasil, 789, Rio de Janeiro', '21977776666', 4.8, 300.00);

INSERT INTO CLINICA (ID_CLINICA, NOME, ENDERECO, TELEFONE, AVALIACAO, PRECO_MEDIO)
VALUES ('660e8400-e29b-41d4-a716-556655440002', 'Centro Médico Popular', 'Rua XV de Novembro, 456, Belo Horizonte', '31966665555', 4.2, 180.00);

INSERT INTO CLINICA (ID_CLINICA, NOME, ENDERECO, TELEFONE, AVALIACAO, PRECO_MEDIO)
VALUES ('660e8400-e29b-41d4-a716-556655440003', 'Clínica Bem-Estar', 'Avenida Paulista, 321, São Paulo', '11955554444', 4.7, 275.00);

INSERT INTO CLINICA (ID_CLINICA, NOME, ENDERECO, TELEFONE, AVALIACAO, PRECO_MEDIO)
VALUES ('660e8400-e29b-41d4-a716-556655440004', 'Clínica Vital Saúde', 'Rua das Orquídeas, 987, Curitiba', '41944443333', 4.6, 260.00);

-- Inserindo 5 registros na tabela ESPECIALIDADE
INSERT INTO ESPECIALIDADE (ID_ESPECIALIDADE, NOME)
VALUES ('770e8400-e29b-41d4-a716-667755440000', 'Cardiologia');

INSERT INTO ESPECIALIDADE (ID_ESPECIALIDADE, NOME)
VALUES ('770e8400-e29b-41d4-a716-667755440001', 'Odontologia');

INSERT INTO ESPECIALIDADE (ID_ESPECIALIDADE, NOME)
VALUES ('770e8400-e29b-41d4-a716-667755440002', 'Ortopedia');

INSERT INTO ESPECIALIDADE (ID_ESPECIALIDADE, NOME)
VALUES ('770e8400-e29b-41d4-a716-667755440003', 'Dermatologia');

INSERT INTO ESPECIALIDADE (ID_ESPECIALIDADE, NOME)
VALUES ('770e8400-e29b-41d4-a716-667755440004', 'Ginecologia');

-- Inserindo 5 registros na tabela DENTISTA
INSERT INTO DENTISTA (ID_DENTISTA, NOME, SOBRENOME, TELEFONE, ID_CLINICA, ID_ESPECIALIDADE, AVALIACAO)
VALUES ('880e8400-e29b-41d4-a716-778855440000', 'Carlos', 'Mendes', '11998887777', '660e8400-e29b-41d4-a716-556655440000', '770e8400-e29b-41d4-a716-667755440001', 4.7);

INSERT INTO DENTISTA (ID_DENTISTA, NOME, SOBRENOME, TELEFONE, ID_CLINICA, ID_ESPECIALIDADE, AVALIACAO)
VALUES ('880e8400-e29b-41d4-a716-778855440001', 'Mariana', 'Lima', '21997776666', '660e8400-e29b-41d4-a716-556655440001', '770e8400-e29b-41d4-a716-667755440001', 4.9);

INSERT INTO DENTISTA (ID_DENTISTA, NOME, SOBRENOME, TELEFONE, ID_CLINICA, ID_ESPECIALIDADE, AVALIACAO)
VALUES ('880e8400-e29b-41d4-a716-778855440002', 'Roberto', 'Souza', '31996665555', '660e8400-e29b-41d4-a716-556655440002', '770e8400-e29b-41d4-a716-667755440001', 4.5);

INSERT INTO DENTISTA (ID_DENTISTA, NOME, SOBRENOME, TELEFONE, ID_CLINICA, ID_ESPECIALIDADE, AVALIACAO)
VALUES ('880e8400-e29b-41d4-a716-778855440003', 'Ana', 'Ferreira', '41995554444', '660e8400-e29b-41d4-a716-556655440003', '770e8400-e29b-41d4-a716-667755440001', 4.8);

INSERT INTO DENTISTA (ID_DENTISTA, NOME, SOBRENOME, TELEFONE, ID_CLINICA, ID_ESPECIALIDADE, AVALIACAO)
VALUES ('880e8400-e29b-41d4-a716-778855440004', 'Pedro', 'Santos', '51994443333', '660e8400-e29b-41d4-a716-556655440004', '770e8400-e29b-41d4-a716-667755440001', 4.6);

-- Inserindo 5 registros na tabela CONSULTA
INSERT INTO CONSULTA (ID_CONSULTA, ID_CLIENTE, ID_CLINICA, ID_DENTISTA, TIPO_SERVICO, DATA_CONSULTA, STATUS_CONSULTA, OBSERVACOES, SINTOMAS, TRATAMENTO_RECOMENDADO, CUSTO, PRESCRICAO, DATA_RETORNO)
VALUES ('990e8400-e29b-41d4-a716-889955440000', '550e8400-e29b-41d4-a716-446655440000', '660e8400-e29b-41d4-a716-556655440000', '880e8400-e29b-41d4-a716-778855440000', 'Limpeza Dentária', TO_DATE('2025-04-10', 'YYYY-MM-DD'), 'C', 'Paciente sem queixas', NULL, 'Manter higiene bucal diária', 150.00, NULL, NULL);

INSERT INTO CONSULTA (ID_CONSULTA, ID_CLIENTE, ID_CLINICA, ID_DENTISTA, TIPO_SERVICO, DATA_CONSULTA, STATUS_CONSULTA, OBSERVACOES, SINTOMAS, TRATAMENTO_RECOMENDADO, CUSTO, PRESCRICAO, DATA_RETORNO)
VALUES ('990e8400-e29b-41d4-a716-889955440001', '550e8400-e29b-41d4-a716-446655440001', '660e8400-e29b-41d4-a716-556655440001', '880e8400-e29b-41d4-a716-778855440001', 'Tratamento de Cárie', TO_DATE('2025-04-15', 'YYYY-MM-DD'), 'A', 'Paciente relatou dor moderada', 'Dor no dente inferior esquerdo', 'Obturação com resina', 300.00, 'Analgésico se necessário', TO_DATE('2025-04-25', 'YYYY-MM-DD'));

INSERT INTO CONSULTA (ID_CONSULTA, ID_CLIENTE, ID_CLINICA, ID_DENTISTA, TIPO_SERVICO, DATA_CONSULTA, STATUS_CONSULTA, OBSERVACOES, SINTOMAS, TRATAMENTO_RECOMENDADO, CUSTO, PRESCRICAO, DATA_RETORNO)
VALUES ('990e8400-e29b-41d4-a716-889955440002', '550e8400-e29b-41d4-a716-446655440002', '660e8400-e29b-41d4-a716-556655440002', '880e8400-e29b-41d4-a716-778855440002', 'Extração de Siso', TO_DATE('2025-04-20', 'YYYY-MM-DD'), 'A', 'Dente do siso inflamado', 'Inchaço e dor intensa', 'Extração cirúrgica', 800.00, 'Antibiótico e analgésico', TO_DATE('2025-05-05', 'YYYY-MM-DD'));

INSERT INTO CONSULTA (ID_CONSULTA, ID_CLIENTE, ID_CLINICA, ID_DENTISTA, TIPO_SERVICO, DATA_CONSULTA, STATUS_CONSULTA, OBSERVACOES, SINTOMAS, TRATAMENTO_RECOMENDADO, CUSTO, PRESCRICAO, DATA_RETORNO)
VALUES ('990e8400-e29b-41d4-a716-889955440003', '550e8400-e29b-41d4-a716-446655440003', '660e8400-e29b-41d4-a716-556655440003', '880e8400-e29b-41d4-a716-778855440003', 'Clareamento Dental', TO_DATE('2025-04-22', 'YYYY-MM-DD'), 'C', 'Procedimento estético realizado com sucesso', NULL, 'Evitar alimentos com corantes', 600.00, NULL, NULL);

INSERT INTO CONSULTA (ID_CONSULTA, ID_CLIENTE, ID_CLINICA, ID_DENTISTA, TIPO_SERVICO, DATA_CONSULTA, STATUS_CONSULTA, OBSERVACOES, SINTOMAS, TRATAMENTO_RECOMENDADO, CUSTO, PRESCRICAO, DATA_RETORNO)
VALUES ('990e8400-e29b-41d4-a716-889955440004', '550e8400-e29b-41d4-a716-446655440004', '660e8400-e29b-41d4-a716-556655440004', '880e8400-e29b-41d4-a716-778855440004', 'Aparelho Ortodôntico', TO_DATE('2025-04-30', 'YYYY-MM-DD'), 'A', 'Paciente iniciou tratamento ortodôntico', 'Desalinhamento dentário', 'Colocação de aparelho fixo', 2000.00, 'Uso de elásticos conforme orientação', TO_DATE('2025-05-30', 'YYYY-MM-DD'));


-- Inserindo 5 registros na tabela SINISTRO
INSERT INTO SINISTRO (ID_SINISTRO, ID_CONSULTA, NOME, DESCRICAO, STATUS_SINISTRO, DESCRICAO_STATUS, VALOR_SINISTRO, DATA_ABERTURA, DATA_RESOLUCAO, DOCUMENTACAO)
VALUES ('AA0E8400-E29B-41D4-A716-999955440000', '990e8400-e29b-41d4-a716-889955440000', 'Reembolso de Procedimento', 'Paciente solicitou reembolso devido a problemas na consulta.', 'P', 'Em análise', 200.00, TO_DATE('2025-03-25', 'YYYY-MM-DD'), NULL, 'Nota Fiscal e Laudo Médico');

INSERT INTO SINISTRO (ID_SINISTRO, ID_CONSULTA, NOME, DESCRICAO, STATUS_SINISTRO, DESCRICAO_STATUS, VALOR_SINISTRO, DATA_ABERTURA, DATA_RESOLUCAO, DOCUMENTACAO)
VALUES ('AA0E8400-E29B-41D4-A716-999955440001', '990e8400-e29b-41d4-a716-889955440001', 'Erro de Cobrança', 'Cobrança indevida de um procedimento não realizado.', 'A', 'Aprovado', 800.00, TO_DATE('2025-04-06', 'YYYY-MM-DD'), TO_DATE('2025-04-10', 'YYYY-MM-DD'), 'Fatura e comprovante de pagamento');

INSERT INTO SINISTRO (ID_SINISTRO, ID_CONSULTA, NOME, DESCRICAO, STATUS_SINISTRO, DESCRICAO_STATUS, VALOR_SINISTRO, DATA_ABERTURA, DATA_RESOLUCAO, DOCUMENTACAO)
VALUES ('AA0E8400-E29B-41D4-A716-999955440002', '990e8400-e29b-41d4-a716-889955440002', 'Complicações Pós-Operatórias', 'Paciente apresentou infecção após extração de siso.', 'R', 'Recusado', 600.00, TO_DATE('2025-04-20', 'YYYY-MM-DD'), TO_DATE('2025-04-22', 'YYYY-MM-DD'), 'Relatório médico');

INSERT INTO SINISTRO (ID_SINISTRO, ID_CONSULTA, NOME, DESCRICAO, STATUS_SINISTRO, DESCRICAO_STATUS, VALOR_SINISTRO, DATA_ABERTURA, DATA_RESOLUCAO, DOCUMENTACAO)
VALUES ('AA0E8400-E29B-41D4-A716-999955440003', '990e8400-e29b-41d4-a716-889955440003', 'Aparelho Ortodôntico Quebrado', 'Paciente relatou que o aparelho quebrou após instalação.', 'A', 'Aprovado', 150.00, TO_DATE('2025-05-15', 'YYYY-MM-DD'), TO_DATE('2025-05-20', 'YYYY-MM-DD'), 'Fotos e recibo');

INSERT INTO SINISTRO (ID_SINISTRO, ID_CONSULTA, NOME, DESCRICAO, STATUS_SINISTRO, DESCRICAO_STATUS, VALOR_SINISTRO, DATA_ABERTURA, DATA_RESOLUCAO, DOCUMENTACAO)
VALUES ('AA0E8400-E29B-41D4-A716-999955440004', '990e8400-e29b-41d4-a716-889955440004', 'Reação Alérgica a Clareador', 'Paciente teve reação adversa ao tratamento de clareamento.', 'P', 'Em análise', 350.00, TO_DATE('2025-06-05', 'YYYY-MM-DD'), NULL, 'Receita médica e fotos');


-- Inserindo 5 registros na tabela FEEDBACK
INSERT INTO FEEDBACK (ID_FEEDBACK, ID_CLIENTE, ID_DENTISTA, ID_CLINICA, AVALIACAO, COMENTARIO)
VALUES ('BB0E8400-E29B-41D4-A716-AAA955440000', '550e8400-e29b-41d4-a716-446655440000', '880e8400-e29b-41d4-a716-778855440000', '660e8400-e29b-41d4-a716-556655440000', 4.8, 'Ótimo atendimento, muito atencioso!');

INSERT INTO FEEDBACK (ID_FEEDBACK, ID_CLIENTE, ID_DENTISTA, ID_CLINICA, AVALIACAO, COMENTARIO)
VALUES ('BB0E8400-E29B-41D4-A716-AAA955440001', '550e8400-e29b-41d4-a716-446655440001', '880e8400-e29b-41d4-a716-778855440001', '660e8400-e29b-41d4-a716-556655440001', 4.5, 'Bom atendimento, mas a espera foi um pouco longa.');

INSERT INTO FEEDBACK (ID_FEEDBACK, ID_CLIENTE, ID_DENTISTA, ID_CLINICA, AVALIACAO, COMENTARIO)
VALUES ('BB0E8400-E29B-41D4-A716-AAA955440002', '550e8400-e29b-41d4-a716-446655440002', '880e8400-e29b-41d4-a716-778855440002', '660e8400-e29b-41d4-a716-556655440002', 5.0, 'Melhor dentista que já fui, super recomendo!');

INSERT INTO FEEDBACK (ID_FEEDBACK, ID_CLIENTE, ID_DENTISTA, ID_CLINICA, AVALIACAO, COMENTARIO)
VALUES ('BB0E8400-E29B-41D4-A716-AAA955440003', '550e8400-e29b-41d4-a716-446655440003', '880e8400-e29b-41d4-a716-778855440003', '660e8400-e29b-41d4-a716-556655440003', 3.8, 'Atendimento razoável, poderia ser mais ágil.');

INSERT INTO FEEDBACK (ID_FEEDBACK, ID_CLIENTE, ID_DENTISTA, ID_CLINICA, AVALIACAO, COMENTARIO)
VALUES ('BB0E8400-E29B-41D4-A716-AAA955440004', '550e8400-e29b-41d4-a716-446655440004', '880e8400-e29b-41d4-a716-778855440004', '660e8400-e29b-41d4-a716-556655440004', 4.9, 'Experiência incrível, profissional muito qualificado!');


-- Inserindo 5 registros na tabela ESTADO_CIVIL
INSERT INTO ESTADO_CIVIL (ID_ESTADO_CIVIL, DESCRICAO)
VALUES ('CC0E8400-E29B-41D4-A716-BBB955440000', 'Solteiro(a)');

INSERT INTO ESTADO_CIVIL (ID_ESTADO_CIVIL, DESCRICAO)
VALUES ('CC0E8400-E29B-41D4-A716-BBB955440001', 'Casado(a)');

INSERT INTO ESTADO_CIVIL (ID_ESTADO_CIVIL, DESCRICAO)
VALUES ('CC0E8400-E29B-41D4-A716-BBB955440002', 'Divorciado(a)');

INSERT INTO ESTADO_CIVIL (ID_ESTADO_CIVIL, DESCRICAO)
VALUES ('CC0E8400-E29B-41D4-A716-BBB955440003', 'Viúvo(a)');

INSERT INTO ESTADO_CIVIL (ID_ESTADO_CIVIL, DESCRICAO)
VALUES ('CC0E8400-E29B-41D4-A716-BBB955440004', 'União Estável');

-- Inserindo 5 registros na tabela FORMULARIO_DETALHADO
INSERT INTO FORMULARIO_DETALHADO (ID_FORMULARIO, ID_CLIENTE, ID_ESTADO_CIVIL, HISTORICO_FAMILIAR, PROFISSAO, RENDA_MENSAL, HISTORICO_MEDICO, ALERGIA, CONDICAO_PREEXISTENTE, USO_MEDICAMENTO, FAMILIAR_COM_DOENCAS_DENTARIAS, PARTICIPACAO_EM_PROGRAMAS_PREVENTIVOS, CONTATO_EMERGENCIAL, PESQUISA_SATISFACAO, DATA_ULTIMA_ATUALIZACAO, FREQUENCIA_CONSULTA_PERIODICA, SINALIZACAO_DE_RISCO, HISTORICO_DE_VIAGEM, HISTORICO_DE_MUDANCAS_DE_ENDERECO, PREFERENCIA_DE_CONTATO)
VALUES ('DD0E8400-E29B-41D4-A716-CCC955440000', '550e8400-e29b-41d4-a716-446655440000', 'CC0E8400-E29B-41D4-A716-BBB955440000', 'Histórico de diabetes na família', 'Engenheiro', 7500.00, 'Hipertensão', 'Nenhuma', 'Nenhuma', 'Nenhum', 'Sim', 'S', 'Maria - 11987654321', 'S', TO_DATE('2025-03-10', 'YYYY-MM-DD'), 'M', 'Pressão arterial alta', 'Brasil, EUA', 'Mudança recente para São Paulo', 'WhatsApp');

INSERT INTO FORMULARIO_DETALHADO (ID_FORMULARIO, ID_CLIENTE, ID_ESTADO_CIVIL, HISTORICO_FAMILIAR, PROFISSAO, RENDA_MENSAL, HISTORICO_MEDICO, ALERGIA, CONDICAO_PREEXISTENTE, USO_MEDICAMENTO, FAMILIAR_COM_DOENCAS_DENTARIAS, PARTICIPACAO_EM_PROGRAMAS_PREVENTIVOS, CONTATO_EMERGENCIAL, PESQUISA_SATISFACAO, DATA_ULTIMA_ATUALIZACAO, FREQUENCIA_CONSULTA_PERIODICA, SINALIZACAO_DE_RISCO, HISTORICO_DE_VIAGEM, HISTORICO_DE_MUDANCAS_DE_ENDERECO, PREFERENCIA_DE_CONTATO)
VALUES ('DD0E8400-E29B-41D4-A716-CCC955440001', '550e8400-e29b-41d4-a716-446655440001', 'CC0E8400-E29B-41D4-A716-BBB955440001', 'Histórico de problemas cardíacos', 'Advogado', 12000.00, 'Nenhum', 'Poeira', 'Asma', 'Salbutamol', 'Não', 'N', 'João - 21987654322', 'S', TO_DATE('2025-03-12', 'YYYY-MM-DD'), 'A', 'Nenhum', 'Brasil, França', 'Nenhuma', 'E-mail');

INSERT INTO FORMULARIO_DETALHADO (ID_FORMULARIO, ID_CLIENTE, ID_ESTADO_CIVIL, HISTORICO_FAMILIAR, PROFISSAO, RENDA_MENSAL, HISTORICO_MEDICO, ALERGIA, CONDICAO_PREEXISTENTE, USO_MEDICAMENTO, FAMILIAR_COM_DOENCAS_DENTARIAS, PARTICIPACAO_EM_PROGRAMAS_PREVENTIVOS, CONTATO_EMERGENCIAL, PESQUISA_SATISFACAO, DATA_ULTIMA_ATUALIZACAO, FREQUENCIA_CONSULTA_PERIODICA, SINALIZACAO_DE_RISCO, HISTORICO_DE_VIAGEM, HISTORICO_DE_MUDANCAS_DE_ENDERECO, PREFERENCIA_DE_CONTATO)
VALUES ('DD0E8400-E29B-41D4-A716-CCC955440002', '550e8400-e29b-41d4-a716-446655440002', 'CC0E8400-E29B-41D4-A716-BBB955440002', 'Nenhum', 'Professor', 5000.00, 'Colesterol alto', 'Nenhuma', 'Nenhuma', 'Nenhum', 'Sim', 'S', 'Ana - 31987654323', 'N', TO_DATE('2025-03-15', 'YYYY-MM-DD'), 'S', 'Risco de colesterol elevado', 'Brasil, Chile', 'Mudança de residência há 2 anos', 'Telefone');

INSERT INTO FORMULARIO_DETALHADO (ID_FORMULARIO, ID_CLIENTE, ID_ESTADO_CIVIL, HISTORICO_FAMILIAR, PROFISSAO, RENDA_MENSAL, HISTORICO_MEDICO, ALERGIA, CONDICAO_PREEXISTENTE, USO_MEDICAMENTO, FAMILIAR_COM_DOENCAS_DENTARIAS, PARTICIPACAO_EM_PROGRAMAS_PREVENTIVOS, CONTATO_EMERGENCIAL, PESQUISA_SATISFACAO, DATA_ULTIMA_ATUALIZACAO, FREQUENCIA_CONSULTA_PERIODICA, SINALIZACAO_DE_RISCO, HISTORICO_DE_VIAGEM, HISTORICO_DE_MUDANCAS_DE_ENDERECO, PREFERENCIA_DE_CONTATO)
VALUES ('DD0E8400-E29B-41D4-A716-CCC955440003', '550e8400-e29b-41d4-a716-446655440003', 'CC0E8400-E29B-41D4-A716-BBB955440003', 'Histórico de osteoporose', 'Empresário', 15000.00, 'Osteoporose leve', 'Nenhuma', 'Osteoporose', 'Suplementos de cálcio', 'Sim', 'S', 'Pedro - 41987654324', 'S', TO_DATE('2025-03-18', 'YYYY-MM-DD'), 'M', 'Risco de fraturas ósseas', 'Brasil, Canadá', 'Mudança recente para Curitiba', 'WhatsApp');

INSERT INTO FORMULARIO_DETALHADO (ID_FORMULARIO, ID_CLIENTE, ID_ESTADO_CIVIL, HISTORICO_FAMILIAR, PROFISSAO, RENDA_MENSAL, HISTORICO_MEDICO, ALERGIA, CONDICAO_PREEXISTENTE, USO_MEDICAMENTO, FAMILIAR_COM_DOENCAS_DENTARIAS, PARTICIPACAO_EM_PROGRAMAS_PREVENTIVOS, CONTATO_EMERGENCIAL, PESQUISA_SATISFACAO, DATA_ULTIMA_ATUALIZACAO, FREQUENCIA_CONSULTA_PERIODICA, SINALIZACAO_DE_RISCO, HISTORICO_DE_VIAGEM, HISTORICO_DE_MUDANCAS_DE_ENDERECO, PREFERENCIA_DE_CONTATO)
VALUES ('DD0E8400-E29B-41D4-A716-CCC955440004', '550e8400-e29b-41d4-a716-446655440004', 'CC0E8400-E29B-41D4-A716-BBB955440004', 'Histórico de hipertensão', 'Analista de Sistemas', 9000.00, 'Nenhum', 'Nenhuma', 'Hipertensão leve', 'Losartana', 'Não', 'N', 'Carla - 51987654325', 'N', TO_DATE('2025-03-20', 'YYYY-MM-DD'), 'A', 'Nenhum', 'Brasil, Japão', 'Nenhuma', 'E-mail');

-- Inserindo 5 registros na tabela TIPO_NOTIFICACAO
INSERT INTO TIPO_NOTIFICACAO (ID_TIPO_NOTIFICACAO, DESCRICAO) 
VALUES ('110e8400-e29b-41d4-a716-446655440000', 'Notificação por E-mail');

INSERT INTO TIPO_NOTIFICACAO (ID_TIPO_NOTIFICACAO, DESCRICAO) 
VALUES ('110e8400-e29b-41d4-a716-446655440001', 'Notificação por SMS');

INSERT INTO TIPO_NOTIFICACAO (ID_TIPO_NOTIFICACAO, DESCRICAO) 
VALUES ('110e8400-e29b-41d4-a716-446655440002', 'Notificação pelo Aplicativo');

INSERT INTO TIPO_NOTIFICACAO (ID_TIPO_NOTIFICACAO, DESCRICAO) 
VALUES ('110e8400-e29b-41d4-a716-446655440003', 'Notificação por WhatsApp');

INSERT INTO TIPO_NOTIFICACAO (ID_TIPO_NOTIFICACAO, DESCRICAO) 
VALUES ('110e8400-e29b-41d4-a716-446655440004', 'Notificação por Ligação Telefônica');

-- Inserindo 5 registros na tabela AGENDA
INSERT INTO AGENDA (ID_AGENDA, ID_CLIENTE, ID_CONSULTA, DATA_CONSULTA, STATUS_CONSULTA, OBSERVACOES)
VALUES ('DD1E8400-E29B-41D4-A716-AAA955440000', '550e8400-e29b-41d4-a716-446655440000', '990e8400-e29b-41d4-a716-889955440000', TIMESTAMP '2025-03-20 10:30:00', 'A', 'Consulta confirmada pelo paciente.');

INSERT INTO AGENDA (ID_AGENDA, ID_CLIENTE, ID_CONSULTA, DATA_CONSULTA, STATUS_CONSULTA, OBSERVACOES)
VALUES ('DD1E8400-E29B-41D4-A716-AAA955440001', '550e8400-e29b-41d4-a716-446655440001', '990e8400-e29b-41d4-a716-889955440001', TIMESTAMP '2025-04-05 14:00:00', 'C', 'Consulta cancelada pelo paciente.');

INSERT INTO AGENDA (ID_AGENDA, ID_CLIENTE, ID_CONSULTA, DATA_CONSULTA, STATUS_CONSULTA, OBSERVACOES)
VALUES ('DD1E8400-E29B-41D4-A716-AAA955440002', '550e8400-e29b-41d4-a716-446655440002', '990e8400-e29b-41d4-a716-889955440002', TIMESTAMP '2025-04-15 09:45:00', 'P', 'Aguardando confirmação do paciente.');

INSERT INTO AGENDA (ID_AGENDA, ID_CLIENTE, ID_CONSULTA, DATA_CONSULTA, STATUS_CONSULTA, OBSERVACOES)
VALUES ('DD1E8400-E29B-41D4-A716-AAA955440003', '550e8400-e29b-41d4-a716-446655440003', '990e8400-e29b-41d4-a716-889955440003', TIMESTAMP '2025-05-10 16:30:00', 'A', 'Consulta confirmada pelo sistema.');

INSERT INTO AGENDA (ID_AGENDA, ID_CLIENTE, ID_CONSULTA, DATA_CONSULTA, STATUS_CONSULTA, OBSERVACOES)
VALUES ('DD1E8400-E29B-41D4-A716-AAA955440004', '550e8400-e29b-41d4-a716-446655440004', '990e8400-e29b-41d4-a716-889955440004', TIMESTAMP '2025-06-01 11:00:00', 'A', 'Paciente pediu para ser lembrado um dia antes.');

-- Inserindo 5 registros na tabela NOTIFICACAO
INSERT INTO NOTIFICACAO (ID_NOTIFICACAO, ID_CLIENTE, ID_TIPO_NOTIFICACAO, MENSAGEM, DATA_ENVIO)
VALUES ('EE0E8400-E29B-41D4-A716-DDD955440000', '550e8400-e29b-41d4-a716-446655440000', '110e8400-e29b-41d4-a716-446655440000', 'Sua consulta foi confirmada para amanhã às 10h.', TO_DATE('2025-03-19', 'YYYY-MM-DD'));

INSERT INTO NOTIFICACAO (ID_NOTIFICACAO, ID_CLIENTE, ID_TIPO_NOTIFICACAO, MENSAGEM, DATA_ENVIO)
VALUES ('EE0E8400-E29B-41D4-A716-DDD955440001', '550e8400-e29b-41d4-a716-446655440001', '110e8400-e29b-41d4-a716-446655440001', 'Lembrete: consulta agendada para dia 25/03 às 14h.', TO_DATE('2025-03-22', 'YYYY-MM-DD'));

INSERT INTO NOTIFICACAO (ID_NOTIFICACAO, ID_CLIENTE, ID_TIPO_NOTIFICACAO, MENSAGEM, DATA_ENVIO)
VALUES ('EE0E8400-E29B-41D4-A716-DDD955440002', '550e8400-e29b-41d4-a716-446655440002', '110e8400-e29b-41d4-a716-446655440002', 'Seu exame foi aprovado e está disponível no sistema.', TO_DATE('2025-03-15', 'YYYY-MM-DD'));

INSERT INTO NOTIFICACAO (ID_NOTIFICACAO, ID_CLIENTE, ID_TIPO_NOTIFICACAO, MENSAGEM, DATA_ENVIO)
VALUES ('EE0E8400-E29B-41D4-A716-DDD955440003', '550e8400-e29b-41d4-a716-446655440003', '110e8400-e29b-41d4-a716-446655440003', 'Promoção especial para clientes: 20% de desconto em clareamento dental.', TO_DATE('2025-03-10', 'YYYY-MM-DD'));

INSERT INTO NOTIFICACAO (ID_NOTIFICACAO, ID_CLIENTE, ID_TIPO_NOTIFICACAO, MENSAGEM, DATA_ENVIO)
VALUES ('EE0E8400-E29B-41D4-A716-DDD955440004', '550e8400-e29b-41d4-a716-446655440004', '110e8400-e29b-41d4-a716-446655440004', 'Importante: sua consulta foi reagendada para o dia 02/04 às 16h.', TO_DATE('2025-03-27', 'YYYY-MM-DD'));

COMMIT;